CREATE TABLE IF NOT EXISTS SALESMAN(
    SALESMAN_ID TEXT PRIMARY KEY,
    NAME TEXT,
    CITY TEXT,
    COMISSION TEXT
);
INSERT INTO SALESMAN (SALESMAN_ID, NAME, CITY, COMISSION) VALUES
    ('5001', 'JAMES HOOG', 'NEW YORK', '0.15'),
    ('5002', 'NIAL KNITE', 'PARIS', '0.13'),
    ('5003', 'PIT ALEX', 'LONDON', '0.11'),
    ('5004', 'MC LYON', 'PARIS', '0.14'),
    ('5005', 'PAUL ADAM', 'ROME', '0.13'),
    ('5006', 'LAUSON HEN', 'SAN JOSE', '0.12');

CREATE TABLE IF NOT EXISTS CUSTOMER (
    CUSTOMER_ID TEXT,
    CUST_NAME TEXT PRIMARY KEY,
    CITY TEXT,
    GRADE TEXT,
    SALESMAN_ID TEXT
);
INSERT INTO CUSTOMER(CUSTOMER_ID, CUST_NAME, CITY, GRADE, SALESMAN_ID) VALUES
    ('3002', 'NICK RIMANDO', 'NEW YORK', '100', '5001'),
    ('3007', 'BRAD DAVIS', 'NEW YORK', '200', '5001'),
    ('3005', 'GRAHAM ZUSI', 'CALIFORNIA', '200', '5002'),
    ('3008', 'JULIAN GREEN', 'LONDON', '300', '5002'),
    ('3004', 'FABIAN JOHNSON', 'PARIS', '300', '5006'),
    ('3009', 'GEOFF CAMERON', 'BERLIN', '100', '5003'),
    ('3003', 'JOZY ALTIDOR', 'MOSCOW', '200', '5007'),
    ('3001', 'BRAD GUZAN', 'LONDON', '', '5005');

CREATE TABLE IF NOT EXISTS ORDERS(
    ORD_NO TEXT PRIMARY KEY,
    PURCH_AMT TEXT,
    ORD_DATE TEXT,
    CUSTOMER_ID TEXT,
    SALESMAN_ID TEXT
);

INSERT INTO ORDERS (ORD_NO, PURCH_AMT, ORD_DATE, CUSTOMER_ID, SALESMAN_ID) VALUES
    ('70001', '150.5', '2012-10-05', '3005', '5002'),
    ('70009', '270.65', '2012-09-10', '3001', '5001'),
    ('70002', '65.26', '2012-10-05', '3002', '5003'),
    ('70004', '110.5', '2012-08-17', '3009', '5007'),
    ('70007', '948.5', '2012-09-10', '3005', '5005'),
    ('70005', '2400.6', '2012-07-27', '3007', '5006');

-- QUERIES

-- MATCHING CUSTOMERS AND SALESMAN BY CITY
SELECT CUSTOMER.CUST_NAME, SALESMAN.NAME, SALESMAN.CITY
FROM CUSTOMER
JOIN SALESMAN ON CUSTOMER.CITY = SALESMAN.CITY;

-- LINKING CUSTOMERS TO THEIR SALESMAN
SELECT CUSTOMER.CUST_NAME, SALESMAN.NAME
FROM CUSTOMER
JOIN SALESMAN ON CUSTOMER.SALESMAN_ID = SALESMAN.SALESMAN_ID;

-- FETCHING ORDERS WHERE CUSTOMER'S CITY DOES NOT MATCH SALESMAN'S CITY
SELECT ORDERS.ORD_NO, CUSTOMER.CUST_NAME, ORDERS.CUSTOMER_ID, ORDERS.SALESMAN_ID
FROM ORDERS
JOIN CUSTOMER ON ORDERS.CUSTOMER_ID = CUSTOMER.CUSTOMER_ID
JOIN SALESMAN ON ORDERS.SALESMAN_ID = SALESMAN.SALESMAN_ID
WHERE CUSTOMER.CITY <> SALESMAN.CITY;

-- FETCHING ALL ORDERS WITH CUSTOMER NAMES
SELECT ORDERS.ORD_NO, CUSTOMER.CUST_NAME
FROM ORDERS
JOIN CUSTOMER ON ORDERS.CUSTOMER_ID = CUSTOMER.CUSTOMER_ID;

-- CUSTOMERS WITH GRADES
SELECT CUSTOMER.CUST_NAME AS "CUSTOMER", CUSTOMER.GRADE
AS "GRADE"
FROM ORDERS
JOIN SALESMAN ON ORDERS.SALESMAN_ID = SALESMAN.SALESMAN_ID
JOIN CUSTOMER ON ORDERS.CUSTOMER_ID = CUSTOMER.CUSTOMER_ID
WHERE CUSTOMER.GRADE IS NOT NULL;

-- CUSTOMERS WITH SALESMAN WHERE COMMISSION IS BETWEEN 0.12 AND 0.14
SELECT CUSTOMER.CUST_NAME AS "CUSTOMER",
CUSTOMER.CITY AS "CITY",
SALESMAN.NAME AS "SALESMAN",
SALESMAN.COMISSION
FROM CUSTOMER
JOIN SALESMAN ON CUSTOMER.SALESMAN_ID = SALESMAN.SALESMAN_ID
WHERE SALESMAN.COMISSION BETWEEN 0.12 AND 0.14;

-- CALCULATING COMMISSIONS FOR ORDERS WHERE CUSTOMER GRADE IS 200 OR MORE
SELECT ORDERS.ORD_NO, CUSTOMER.CUST_NAME, SALESMAN.COMISSION AS "COMISSION%", ORDERS.PURCH_AMT * SALESMAN.COMISSION AS "COMISSION" 
FROM ORDERS
JOIN SALESMAN ON ORDERS.SALESMAN_ID = SALESMAN.SALESMAN_ID
JOIN CUSTOMER ON ORDERS.CUSTOMER_ID = CUSTOMER.CUSTOMER_ID
WHERE CUSTOMER.GRADE >= 200;

-- ORDERS ON A SPECIFIC DATE
SELECT *
FROM CUSTOMER
JOIN ORDERS ON CUSTOMER.CUSTOMER_ID = ORDERS.CUSTOMER_ID
WHERE ORDERS.ORD_DATE = '2012-10-05';